INSERT INTO student (id, name) VALUES (1, 'bob'); 
INSERT INTO student (id, name) VALUES (2, 'alice'); 
INSERT INTO student (id, name) VALUES (3, 'tom'); 
INSERT INTO student (id, name) VALUES (4, 'jane'); 
INSERT INTO student (id, name) VALUES (5, 'van'); 
INSERT INTO student (id, name) VALUES (6, 'long');

INSERT INTO course (id, name) VALUES (1, 'math');
INSERT INTO course (id, name) VALUES (2, 'music');
INSERT INTO course (id, name) VALUES (3, 'history');

INSERT INTO student_course (id, score, student_id, course_id) VALUES (1, 7, 1, 1);
INSERT INTO student_course (id, score, student_id, course_id) VALUES (2, 5, 1, 2);
INSERT INTO student_course (id, score, student_id, course_id) VALUES (3, 8, 1, 3);
INSERT INTO student_course (id, score, student_id, course_id) VALUES (4, 8, 2, 1);
INSERT INTO student_course (id, score, student_id, course_id) VALUES (5, 2, 2, 2);
INSERT INTO student_course (id, score, student_id, course_id) VALUES (6, 9, 2, 3);
INSERT INTO student_course (id, score, student_id, course_id) VALUES (7, 4, 3, 1);
INSERT INTO student_course (id, score, student_id, course_id) VALUES (8, 10, 3, 3);
INSERT INTO student_course (id, score, student_id, course_id) VALUES (9, 9, 4, 2);
INSERT INTO student_course (id, score, student_id, course_id) VALUES (10, 8, 4, 3);
INSERT INTO student_course (id, score, student_id, course_id) VALUES (11, 9, 5, 1);
INSERT INTO student_course (id, score, student_id, course_id) VALUES (12, 7, 5, 2);
INSERT INTO student_course (id, score, student_id, course_id) VALUES (13, 6, 5, 3);
INSERT INTO student_course (id, score, student_id, course_id) VALUES (14, 10, 6, 1);
INSERT INTO student_course (id, score, student_id, course_id) VALUES (15, 3, 6, 2);

